Category,UID,Item Name,Available Qty,UOM,Min,Max,Status,Avg Price,Total Value,Reorder Qty,Favourite
Furniture,ITEM-1000,WOrkbencH,197,pcs,46,498,In Stock,484.64,95474.08,301,
Electronics,ITEM-1001,mcB SwItCH,118,pcs,10,100,In Stock,778.55,91868.9,0,
Tools,ITEM-1002,meASURINg tApe,390,pcs,43,364,In Stock,3323.15,1296028.5,0,
Electronics,ITEM-1003,led BuLB,180,pcs,20,396,In Stock,354.97,63894.6,216,
Furniture,ITEM-1004,OFFIce ChAIr,53,pcs,35,288,In Stock,4879.26,258600.78,235,
Tools,ITEM-1005,HAmMeR,397,pcs,45,229,In Stock,1495.31,593638.07,0,
Supplies,ITEM-1006,CLEANiNG LIquId,262,ltr,17,402,In Stock,1481.34,388111.08,140,
Supplies,ITEM-1007,markEr PeN,344,box,47,213,In Stock,1273.73,438163.12,0,
Safety Gear,ITEM-1008,FAcE sHieLd,186,pcs,50,479,In Stock,2601.19,483821.34,293,
Furniture,ITEM-1009,pLASTic StOol,374,pcs,18,154,In Stock,3113.18,1164329.32,0,
Supplies,ITEM-1010,inK CArTRidGE,370,pcs,16,490,In Stock,7043.85,2606224.5,120,
Furniture,ITEM-1011,sTeeL aLmIrAH,158,pcs,36,434,In Stock,1129.01,178383.58,276,
Furniture,ITEM-1012,offiCE chAiR,377,pcs,43,306,In Stock,4569.58,1722731.66,0,
Tools,ITEM-1013,hAMmEr,164,pcs,28,440,In Stock,1334.75,218899,276,
Furniture,ITEM-1014,PlASTiC stoOl,204,pcs,13,450,In Stock,6149.76,1254551.04,246,
Furniture,ITEM-1015,steEl ALMIrah,63,pcs,42,114,In Stock,5924.94,373271.22,51,
Raw Materials,ITEM-1016,COppeR wire,204,kg,30,423,In Stock,6684.16,1363568.64,219,
Furniture,ITEM-1017,STEel AlmiraH,156,pcs,41,237,In Stock,4372.01,682033.56,81,
Electronics,ITEM-1018,mcB swITCH,263,pcs,15,461,In Stock,4757.64,1251259.32,198,
Furniture,ITEM-1019,WOodEN tAblE,131,pcs,41,223,In Stock,3224.21,422371.51,92,
Tools,ITEM-1020,MeasurING taPe,329,pcs,48,386,In Stock,4375.65,1439588.85,57,
Tools,ITEM-1021,meASURINg tAPe,87,pcs,30,384,In Stock,4875.13,424136.31,297,
Safety Gear,ITEM-1022,safETY hElmet,156,pcs,11,245,In Stock,3624.59,565436.04,89,
Raw Materials,ITEM-1023,SaND,205,kg,34,127,In Stock,3881.08,795621.4,0,
Tools,ITEM-1024,EleCtrIC DRILl,49,pcs,15,398,In Stock,2498.23,122413.27,349,
Supplies,ITEM-1025,pACKing tapE,374,roll,26,203,In Stock,1753.91,655962.34,0,
Electronics,ITEM-1026,extEnSioN COrD,104,pcs,15,110,In Stock,2068.27,215100.08,6,
Raw Materials,ITEM-1027,steEL RoD,399,kg,48,468,In Stock,2535.58,1011696.42,69,
Safety Gear,ITEM-1028,sAFETY shOeS,106,pair,39,229,In Stock,4926.93,522254.58,123,
Tools,ITEM-1029,elEcTRiC DrIll,267,pcs,41,325,In Stock,6636.39,1771916.13,58,
Raw Materials,ITEM-1030,cEMEnt BAG,377,bag,21,345,In Stock,4716.4,1778082.8,0,
Furniture,ITEM-1031,wOOden tABlE,193,pcs,35,193,In Stock,6690.62,1291289.66,0,
Tools,ITEM-1032,MeaSUrIng TaPe,151,pcs,42,199,In Stock,5587.49,843710.99,48,
Furniture,ITEM-1033,WOOdeN tABLE,39,pcs,10,171,In Stock,5946.98,231932.22,132,
Tools,ITEM-1034,ElectriC dRIll,149,pcs,11,156,In Stock,1387.35,206715.15,7,
Safety Gear,ITEM-1035,fAce shIELd,48,pcs,38,282,In Stock,447.29,21469.92,234,
Furniture,ITEM-1036,WOodeN tABle,121,pcs,41,397,In Stock,1745.46,211200.66,276,
Safety Gear,ITEM-1037,fAcE ShIElD,229,pcs,12,458,In Stock,7916.9,1812970.1,229,
Safety Gear,ITEM-1038,HanD gLovEs,199,pair,31,419,In Stock,2427.35,483042.65,220,
Furniture,ITEM-1039,STeeL ALMiraH,138,pcs,23,402,In Stock,2128.89,293786.82,264,
Safety Gear,ITEM-1040,sAFetY HelMEt,178,pcs,28,293,In Stock,2499.87,444976.86,115,
Electronics,ITEM-1041,lED bUlB,29,pcs,25,224,In Stock,1583.29,45915.41,195,
Safety Gear,ITEM-1042,REflectivE JaCKET,199,pcs,28,248,In Stock,3857.33,767608.67,49,
Furniture,ITEM-1043,ofFicE chAIr,212,pcs,18,339,In Stock,6900.61,1462929.32,127,
Furniture,ITEM-1044,SteeL almIrah,253,pcs,50,425,In Stock,820.67,207629.51,172,
Tools,ITEM-1045,WRENCH,8,pcs,26,167,Low Stock,5770.83,46166.64,159,
Furniture,ITEM-1046,WorKbenCh,37,pcs,48,337,Low Stock,1973.2,73008.4,300,
Supplies,ITEM-1047,iNk carTrIDGe,55,pcs,28,205,In Stock,759.57,41776.35,150,
Supplies,ITEM-1048,PaCkiNG tAPE,255,roll,20,254,In Stock,753.77,192211.35,0,
Safety Gear,ITEM-1049,SAFEtY ShOES,4,pair,42,419,Low Stock,7070.35,28281.4,415,
Electronics,ITEM-1050,mCb SwITCH,295,pcs,28,141,In Stock,7420.74,2189118.3,0,
Safety Gear,ITEM-1051,Safety Helmet,57,pcs,21,179,In Stock,6991.09,398492.13,122,
Safety Gear,ITEM-1052,REFLeCTIvE JacKeT,83,pcs,19,353,In Stock,7873.89,653532.87,270,
Electronics,ITEM-1053,POWer aDApteR,309,pcs,41,161,In Stock,4320.49,1335031.41,0,
Tools,ITEM-1054,HamMER,91,pcs,30,301,In Stock,2669.92,242962.72,210,
Supplies,ITEM-1055,PriNtEr pAPer,80,ream,12,385,In Stock,1964.74,157179.2,305,
Tools,ITEM-1056,HaMMer,313,pcs,42,442,In Stock,5996.95,1877045.35,129,
Safety Gear,ITEM-1057,ReFleCtIvE jAcket,231,pcs,49,183,In Stock,4545.28,1049959.68,0,
Tools,ITEM-1058,hamMer,347,pcs,20,315,In Stock,1711.23,593796.81,0,
Electronics,ITEM-1059,swItCH bOARD,322,pcs,27,277,In Stock,6815.9,2194719.8,0,
Furniture,ITEM-1060,StEEL almIRah,5,pcs,25,442,Low Stock,6869.31,34346.55,437,
Raw Materials,ITEM-1061,CEMENt baG,144,bag,17,281,In Stock,6740.27,970598.88,137,
Supplies,ITEM-1062,cleANiNG lIqUId,46,ltr,31,280,In Stock,7558.46,347689.16,234,
Tools,ITEM-1063,scRewdriVER seT,197,set,47,213,In Stock,1455.86,286804.42,16,
Supplies,ITEM-1064,MArker PEn,270,box,49,494,In Stock,7204.29,1945158.3,224,
Safety Gear,ITEM-1065,fAce SHiELd,86,pcs,16,159,In Stock,2927.73,251784.78,73,
Safety Gear,ITEM-1066,haND GlovEs,302,pair,36,376,In Stock,6946.99,2097990.98,74,
Safety Gear,ITEM-1067,haND gLoVEs,378,pair,18,152,In Stock,3195.61,1207940.58,0,
Raw Materials,ITEM-1068,STEel rOd,189,kg,17,394,In Stock,7294.54,1378668.06,205,
Tools,ITEM-1069,HaMMer,252,pcs,29,471,In Stock,866.93,218466.36,219,
Tools,ITEM-1070,MEAsUriNg taPE,217,pcs,43,433,In Stock,6916.64,1500910.88,216,
Raw Materials,ITEM-1071,PVc GRAnUleS,340,kg,32,463,In Stock,3009.33,1023172.2,123,
Raw Materials,ITEM-1072,sAnD,72,kg,22,311,In Stock,5806.85,418093.2,239,
Safety Gear,ITEM-1073,Face ShiELd,102,pcs,24,133,In Stock,2876.25,293377.5,31,
Electronics,ITEM-1074,MCb SwItCH,223,pcs,10,490,In Stock,5791.3,1291459.9,267,
Electronics,ITEM-1075,LeD buLb,310,pcs,11,395,In Stock,3701.28,1147396.8,85,
Supplies,ITEM-1076,PAcKInG TaPE,309,roll,21,335,In Stock,7601.79,2348953.11,26,
Safety Gear,ITEM-1077,saFetY HELmet,302,pcs,42,193,In Stock,4416.14,1333674.28,0,
Supplies,ITEM-1078,pACKinG taPE,276,roll,25,264,In Stock,441.56,121870.56,0,
Electronics,ITEM-1079,pOWer aDApteR,368,pcs,18,322,In Stock,4383.88,1613267.84,0,
Raw Materials,ITEM-1080,sTeEl RoD,313,kg,35,454,In Stock,2993.35,936918.55,141,
Supplies,ITEM-1081,clEaNinG liQUID,175,ltr,12,360,In Stock,5539.39,969393.25,185,
Tools,ITEM-1082,wReNCh,78,pcs,47,222,In Stock,7493.92,584525.76,144,
Tools,ITEM-1083,WrENch,17,pcs,45,145,Low Stock,6266.82,106535.94,128,
Safety Gear,ITEM-1084,saFEtY shOeS,227,pair,24,374,In Stock,5711.7,1296555.9,147,
Supplies,ITEM-1085,prIntEr paPer,371,ream,19,345,In Stock,2287.08,848506.68,0,
Supplies,ITEM-1086,cleANINg lIQUId,65,ltr,30,103,In Stock,5236.96,340402.4,38,
Tools,ITEM-1087,WrenCh,380,pcs,15,132,In Stock,4940.18,1877268.4,0,
Tools,ITEM-1088,scREwDrIVer sET,346,set,43,285,In Stock,2097.67,725793.82,0,
Safety Gear,ITEM-1089,saFEty HElmET,270,pcs,21,195,In Stock,3586.31,968303.7,0,
Furniture,ITEM-1090,PlAStIc stool,338,pcs,40,240,In Stock,220.65,74579.7,0,
Safety Gear,ITEM-1091,hAnD gLoveS,130,pair,33,237,In Stock,4639.42,603124.6,107,
Supplies,ITEM-1092,clEanINg lIquID,134,ltr,39,420,In Stock,2511.74,336573.16,286,
Raw Materials,ITEM-1093,pVC gRANuLES,86,kg,40,462,In Stock,4906.48,421957.28,376,
Raw Materials,ITEM-1094,pvc GRaNUlEs,35,kg,15,236,In Stock,5831.73,204110.55,201,
Supplies,ITEM-1095,PACkING TApe,238,roll,42,355,In Stock,420.38,100050.44,117,
Safety Gear,ITEM-1096,HaND gLoVes,337,pair,40,181,In Stock,684.17,230565.29,0,
Safety Gear,ITEM-1097,SAfety HelMET,188,pcs,29,270,In Stock,7402.08,1391591.04,82,
Raw Materials,ITEM-1098,sAnd,379,kg,20,168,In Stock,3830.52,1451767.08,0,
Supplies,ITEM-1099,cLEAniNg LIQuid,177,ltr,43,379,In Stock,437.42,77423.34,202,
Raw Materials,ITEM-1100,sTEEL rOd,22,kg,41,354,Low Stock,6017.72,132389.84,332,
Electronics,ITEM-1101,mcB swITCH,238,pcs,33,438,In Stock,4924.01,1171914.38,200,
Electronics,ITEM-1102,mCB switCH,346,pcs,35,173,In Stock,5514.54,1908030.84,0,
Safety Gear,ITEM-1103,SaFEtY ShOEs,168,pair,24,191,In Stock,4914.43,825624.24,23,
Safety Gear,ITEM-1104,haNd gloVeS,4,pair,43,431,Low Stock,7649.96,30599.84,427,
Tools,ITEM-1105,MEasURING taPE,105,pcs,18,386,In Stock,7582.95,796209.75,281,
Furniture,ITEM-1106,OFFICE chaiR,318,pcs,16,363,In Stock,6272.29,1994588.22,45,
Raw Materials,ITEM-1107,coPPeR wirE,119,kg,18,242,In Stock,6425.54,764639.26,123,
Raw Materials,ITEM-1108,cEMENT BaG,280,bag,37,209,In Stock,1604.2,449176,0,
Raw Materials,ITEM-1109,pvC GrANULES,233,kg,43,411,In Stock,720.26,167820.58,178,
Electronics,ITEM-1110,sWItCH boaRD,3,pcs,39,308,Low Stock,3206.33,9618.99,305,
Raw Materials,ITEM-1111,PVc granUlEs,333,kg,30,333,In Stock,5407.3,1800630.9,0,
Electronics,ITEM-1112,SWiTCh boarD,111,pcs,14,480,In Stock,4485.15,497851.65,369,
Safety Gear,ITEM-1113,HaNd glOvES,262,pair,11,433,In Stock,7026.83,1841029.46,171,
Electronics,ITEM-1114,cEILinG fAN,262,pcs,15,255,In Stock,3630.07,951078.34,0,
Raw Materials,ITEM-1115,pvC GRaNuLes,349,kg,31,231,In Stock,5022.35,1752800.15,0,
Furniture,ITEM-1116,WoodeN tABLe,237,pcs,30,115,In Stock,6124.56,1451520.72,0,
Raw Materials,ITEM-1117,PVC GrAnulEs,37,kg,15,329,In Stock,5108.21,189003.77,292,
Supplies,ITEM-1118,ink caRtridGe,185,pcs,15,464,In Stock,3684.54,681639.9,279,
Supplies,ITEM-1119,inK carTRidGE,7,pcs,17,150,Low Stock,5872.58,41108.06,143,
Supplies,ITEM-1120,PRINtEr paper,108,ream,41,203,In Stock,7164.35,773749.8,95,
Furniture,ITEM-1121,PlAStIc STOol,255,pcs,37,471,In Stock,3956.07,1008797.85,216,
Supplies,ITEM-1122,MARkER PEn,9,box,29,496,Low Stock,3891.72,35025.48,487,
Safety Gear,ITEM-1123,safety SHoes,118,pair,18,354,In Stock,4429.7,522704.6,236,
Tools,ITEM-1124,screwdRIvER seT,228,set,41,415,In Stock,6407.48,1460905.44,187,
Electronics,ITEM-1125,cEiling fAN,298,pcs,43,370,In Stock,3790.17,1129470.66,72,
Electronics,ITEM-1126,exteNsion CORd,165,pcs,45,304,In Stock,1338.65,220877.25,139,
Safety Gear,ITEM-1127,HaNd GlOvEs,263,pair,21,422,In Stock,1109.68,291845.84,159,
Electronics,ITEM-1128,mcB SWiTCh,128,pcs,21,437,In Stock,1431.02,183170.56,309,
Safety Gear,ITEM-1129,sAfEty shOes,53,pair,23,200,In Stock,6431.21,340854.13,147,
Raw Materials,ITEM-1130,pVc granuleS,120,kg,45,485,In Stock,6009.4,721128,365,
Furniture,ITEM-1131,worKbencH,14,pcs,19,138,Low Stock,2278.2,31894.8,124,
Raw Materials,ITEM-1132,SaNd,351,kg,43,347,In Stock,4437.98,1557730.98,0,
Raw Materials,ITEM-1133,PVC GraNULEs,280,kg,26,405,In Stock,5311.36,1487180.8,125,
Tools,ITEM-1134,HaMmer,330,pcs,41,233,In Stock,3517.01,1160613.3,0,
Electronics,ITEM-1135,mcb SWITCH,323,pcs,27,290,In Stock,7426.6,2398791.8,0,
Furniture,ITEM-1136,WooDen tAbLe,169,pcs,18,424,In Stock,5721.33,966904.77,255,
Raw Materials,ITEM-1137,STeeL rOd,55,kg,17,121,In Stock,6788.78,373382.9,66,
Furniture,ITEM-1138,PlaStiC STOOl,203,pcs,23,152,In Stock,1156.92,234854.76,0,
Supplies,ITEM-1139,inK cARtriDGe,193,pcs,36,336,In Stock,4829.02,932000.86,143,
Supplies,ITEM-1140,pACKinG TAPE,130,roll,20,402,In Stock,4400.47,572061.1,272,
Raw Materials,ITEM-1141,saND,384,kg,33,446,In Stock,6284.57,2413274.88,62,
Tools,ITEM-1142,HAmMer,195,pcs,15,483,In Stock,2571.79,501499.05,288,
Raw Materials,ITEM-1143,CoppEr WirE,145,kg,26,379,In Stock,2457.7,356366.5,234,
Supplies,ITEM-1144,pACKing tapE,230,roll,31,309,In Stock,6655.01,1530652.3,79,
Electronics,ITEM-1145,mcB swITch,129,pcs,38,482,In Stock,5851.44,754835.76,353,
Furniture,ITEM-1146,plastIc stOOL,151,pcs,18,250,In Stock,2858.38,431615.38,99,
Raw Materials,ITEM-1147,copPER WIRe,345,kg,39,272,In Stock,4573.67,1577916.15,0,
Furniture,ITEM-1148,PLaSTic stOol,239,pcs,46,357,In Stock,5125.04,1224884.56,118,
Electronics,ITEM-1149,swITCH boarD,365,pcs,45,119,In Stock,4460.75,1628173.75,0,
Tools,ITEM-1150,ScrewDRIvEr SeT,80,set,22,110,In Stock,7254.61,580368.8,30,
Tools,ITEM-1151,scrEWdRiVeR SeT,398,set,44,273,In Stock,4980.34,1982175.32,0,
Furniture,ITEM-1152,PlaStIC StoOL,325,pcs,16,196,In Stock,5896.57,1916385.25,0,
Electronics,ITEM-1153,cEiLiNG FAn,327,pcs,43,367,In Stock,7228.39,2363683.53,40,
Supplies,ITEM-1154,PackiNG taPe,256,roll,19,325,In Stock,5555.8,1422284.8,69,
Electronics,ITEM-1155,LED bUlB,60,pcs,23,257,In Stock,1617.94,97076.4,197,
Electronics,ITEM-1156,SwItCH BoaRD,10,pcs,22,273,Low Stock,7350.68,73506.8,263,
Raw Materials,ITEM-1157,SaND,326,kg,15,366,In Stock,5632.9,1836325.4,40,
Tools,ITEM-1158,EleCtRIC drIll,148,pcs,19,295,In Stock,6839.93,1012309.64,147,
Supplies,ITEM-1159,prIntEr PApER,15,ream,50,211,Low Stock,3857.68,57865.2,196,
Safety Gear,ITEM-1160,faCe shiEld,363,pcs,28,127,In Stock,6423.23,2331632.49,0,
Safety Gear,ITEM-1161,REFLEcTiVE jACkEt,125,pcs,28,429,In Stock,4773.37,596671.25,304,
Safety Gear,ITEM-1162,safETy shoEs,19,pair,31,440,Low Stock,4939.69,93854.11,421,
Electronics,ITEM-1163,mCB SwITCh,339,pcs,27,317,In Stock,6221.98,2109251.22,0,
Supplies,ITEM-1164,PACKiNG tape,43,roll,37,258,In Stock,168.84,7260.12,215,
Tools,ITEM-1165,WrENch,254,pcs,18,394,In Stock,6333.9,1608810.6,140,
Tools,ITEM-1166,measuRing tApe,99,pcs,30,314,In Stock,7848.07,776958.93,215,
Furniture,ITEM-1167,PLasTic stooL,0,pcs,17,145,Low Stock,712.89,0,145,
Raw Materials,ITEM-1168,CopPER WIre,63,kg,18,478,In Stock,4638.19,292205.97,415,
Supplies,ITEM-1169,iNk CARTRIdge,21,pcs,45,219,Low Stock,6303.06,132364.26,198,
Tools,ITEM-1170,ScReWDRIVEr set,270,set,18,379,In Stock,3971.52,1072310.4,109,
Electronics,ITEM-1171,SWItCH BOArD,108,pcs,41,318,In Stock,6936.76,749170.08,210,
Tools,ITEM-1172,WrEnch,59,pcs,13,444,In Stock,6580.87,388271.33,385,
Raw Materials,ITEM-1173,pVC gRANulEs,188,kg,45,145,In Stock,5654.68,1063079.84,0,
Furniture,ITEM-1174,PLAsTic stoOl,291,pcs,13,486,In Stock,799.34,232607.94,195,
Supplies,ITEM-1175,iNk CarTriDge,87,pcs,15,146,In Stock,7761.33,675235.71,59,
Furniture,ITEM-1176,ofFiCe ChAIr,272,pcs,21,109,In Stock,5027.19,1367395.68,0,
Safety Gear,ITEM-1177,rEFLeCtiVe JaCkET,366,pcs,18,317,In Stock,5145.82,1883370.12,0,
Furniture,ITEM-1178,WoOdeN taBlE,200,pcs,12,491,In Stock,5881.42,1176284,291,
Safety Gear,ITEM-1179,SafETY helMEt,91,pcs,40,403,In Stock,7616.75,693124.25,312,
Furniture,ITEM-1180,STeEl aLMirAh,361,pcs,41,274,In Stock,4536.76,1637770.36,0,
Electronics,ITEM-1181,LED bULB,0,pcs,43,332,Low Stock,5600.35,0,332,
Furniture,ITEM-1182,WORkbeNch,374,pcs,13,129,In Stock,4243.84,1587196.16,0,
Raw Materials,ITEM-1183,steEl rOd,154,kg,19,232,In Stock,5326.33,820254.82,78,
Electronics,ITEM-1184,exTeNsIoN CORd,302,pcs,26,357,In Stock,1244.18,375742.36,55,
Electronics,ITEM-1185,SWITCh Board,336,pcs,12,446,In Stock,6961.31,2339000.16,110,
Supplies,ITEM-1186,PackIng TaPE,392,roll,17,304,In Stock,4813.85,1887029.2,0,
Electronics,ITEM-1187,mcB Switch,258,pcs,18,476,In Stock,6573.33,1695919.14,218,
Tools,ITEM-1188,MeaSuRING tAPe,208,pcs,42,195,In Stock,3750.93,780193.44,0,
Electronics,ITEM-1189,LeD Bulb,301,pcs,11,485,In Stock,2933.67,883034.67,184,
Safety Gear,ITEM-1190,rEFlECtiVE jACKeT,64,pcs,33,240,In Stock,7335.56,469475.84,176,
Electronics,ITEM-1191,SWITcH BoArD,142,pcs,14,262,In Stock,7386.91,1048941.22,120,
Safety Gear,ITEM-1192,HanD GlOvES,383,pair,21,198,In Stock,2605.27,997818.41,0,
Safety Gear,ITEM-1193,hand gLoves,43,pair,33,459,In Stock,4566.31,196351.33,416,
Electronics,ITEM-1194,EXtensION cOrd,49,pcs,22,215,In Stock,5568.16,272839.84,166,
Furniture,ITEM-1195,WoOdEN TABle,327,pcs,33,232,In Stock,3530.5,1154473.5,0,
Safety Gear,ITEM-1196,hanD gLOVES,191,pair,38,257,In Stock,6247.4,1193253.4,66,
Supplies,ITEM-1197,cLeaNINg liquiD,250,ltr,35,247,In Stock,5803.45,1450862.5,0,
Tools,ITEM-1198,meaSuRinG Tape,303,pcs,19,445,In Stock,2051.97,621746.91,142,
Raw Materials,ITEM-1199,CEmENT baG,392,bag,46,203,In Stock,3995.89,1566388.88,0,
Safety Gear,ITEM-1200,HAnd gLoves,89,pair,29,383,In Stock,4937.04,439396.56,294,
Furniture,ITEM-1201,StEEL ALMIrAh,345,pcs,42,256,In Stock,5935.52,2047754.4,0,
Safety Gear,ITEM-1202,SAfETy HElMEt,134,pcs,48,262,In Stock,1110.78,148844.52,128,
Tools,ITEM-1203,hammer,209,pcs,32,200,In Stock,551.38,115238.42,0,
Electronics,ITEM-1204,pOWeR ADapTeR,134,pcs,47,141,In Stock,1982.26,265622.84,7,
Tools,ITEM-1205,ELeCtRIC DrILl,109,pcs,50,485,In Stock,2217.5,241707.5,376,
Furniture,ITEM-1206,wOodeN TABle,94,pcs,11,293,In Stock,1884.8,177171.2,199,
Tools,ITEM-1207,wRench,339,pcs,29,453,In Stock,2377.2,805870.8,114,
Furniture,ITEM-1208,OffIce cHaIR,246,pcs,29,126,In Stock,3520.66,866082.36,0,
Safety Gear,ITEM-1209,facE ShiELD,348,pcs,22,387,In Stock,4407.06,1533656.88,39,
Electronics,ITEM-1210,PoWer ADaPTer,39,pcs,48,130,Low Stock,1730.92,67505.88,91,
Raw Materials,ITEM-1211,coppeR WiRE,321,kg,11,288,In Stock,4745.56,1523324.76,0,
Raw Materials,ITEM-1212,sANd,389,kg,41,413,In Stock,4478.53,1742148.17,24,
Supplies,ITEM-1213,paCkiNg tApe,245,roll,28,397,In Stock,5290.51,1296174.95,152,
Raw Materials,ITEM-1214,cEmENT bAg,5,bag,49,108,Low Stock,6458.96,32294.8,103,
Furniture,ITEM-1215,WoRkBenCh,91,pcs,43,322,In Stock,7483.62,681009.42,231,
Supplies,ITEM-1216,PACKING taPe,131,roll,14,337,In Stock,7337.8,961251.8,206,
Tools,ITEM-1217,haMmer,125,pcs,33,248,In Stock,2042.3,255287.5,123,
Safety Gear,ITEM-1218,SAfeTy hElMET,128,pcs,27,460,In Stock,3805.21,487066.88,332,
Furniture,ITEM-1219,wOoDen taBLe,121,pcs,39,245,In Stock,6502.64,786819.44,124,
Raw Materials,ITEM-1220,PVC graNUlEs,161,kg,44,221,In Stock,3787.7,609819.7,60,
Supplies,ITEM-1221,InK caRtRIDgE,194,pcs,25,278,In Stock,177.94,34520.36,84,
Safety Gear,ITEM-1222,faCe shiELd,385,pcs,49,480,In Stock,6566.22,2527994.7,95,
Safety Gear,ITEM-1223,SAfeTY hElMEt,368,pcs,47,252,In Stock,1478.62,544132.16,0,
Furniture,ITEM-1224,stEeL aLMiRAh,50,pcs,27,269,In Stock,2733.83,136691.5,219,
Raw Materials,ITEM-1225,cOPPER WIre,108,kg,24,225,In Stock,3090.91,333818.28,117,
Supplies,ITEM-1226,cLEaninG LIQuId,51,ltr,11,364,In Stock,1639.31,83604.81,313,
Electronics,ITEM-1227,poWER adaPTeR,6,pcs,50,471,Low Stock,2688.76,16132.56,465,
Electronics,ITEM-1228,mCb SWitch,347,pcs,16,113,In Stock,3168.12,1099337.64,0,
Tools,ITEM-1229,SCReWdrIVer sEt,145,set,32,488,In Stock,7492.23,1086373.35,343,
Supplies,ITEM-1230,markEr pEn,133,box,50,107,In Stock,6632.87,882171.71,0,
Furniture,ITEM-1231,PLasTic sTOoL,256,pcs,21,303,In Stock,3135.55,802700.8,47,
Supplies,ITEM-1232,CleAnINg LiqUid,345,ltr,11,151,In Stock,4320.89,1490707.05,0,
Supplies,ITEM-1233,cLEAnInG LiqUid,286,ltr,30,182,In Stock,7895.79,2258195.94,0,
Furniture,ITEM-1234,OfFIce chaIR,47,pcs,15,319,In Stock,52.41,2463.27,272,
Safety Gear,ITEM-1235,FACe sHIeLd,13,pcs,42,481,Low Stock,7917.02,102921.26,468,
Raw Materials,ITEM-1236,STEeL rOD,83,kg,28,280,In Stock,3496.91,290243.53,197,
Tools,ITEM-1237,eLecTRIC DrIll,329,pcs,15,148,In Stock,1147.35,377478.15,0,
Electronics,ITEM-1238,pOWeR aDAPTeR,134,pcs,41,317,In Stock,7297.29,977836.86,183,
Supplies,ITEM-1239,pacKinG TAPE,33,roll,34,357,Low Stock,5588.42,184417.86,324,
Safety Gear,ITEM-1240,SAfETY HelMEt,169,pcs,30,174,In Stock,2983.64,504235.16,5,
Raw Materials,ITEM-1241,PVC gRANULES,88,kg,15,487,In Stock,522.36,45967.68,399,
Supplies,ITEM-1242,marker peN,329,box,23,163,In Stock,4374.14,1439092.06,0,
Raw Materials,ITEM-1243,sand,263,kg,38,488,In Stock,2741.93,721127.59,225,
Raw Materials,ITEM-1244,pVc gRaNUles,139,kg,50,278,In Stock,5893.17,819150.63,139,
Furniture,ITEM-1245,PlaSTIc STOOL,199,pcs,48,292,In Stock,4604.29,916253.71,93,
Supplies,ITEM-1246,PaCKINg TapE,378,roll,19,363,In Stock,3925.2,1483725.6,0,
Furniture,ITEM-1247,WoOdEN taBLe,95,pcs,20,296,In Stock,1851.86,175926.7,201,
Electronics,ITEM-1248,EXTensION CoRD,75,pcs,20,238,In Stock,302.47,22685.25,163,
Furniture,ITEM-1249,oFfIcE CHaiR,116,pcs,12,326,In Stock,6752.52,783292.32,210,
Safety Gear,ITEM-1250,Hand glOves,40,pair,39,285,In Stock,6802.95,272118,245,
Safety Gear,ITEM-1251,Safety hELMet,52,pcs,48,214,In Stock,5778.53,300483.56,162,
Electronics,ITEM-1252,sWiTCH bOARD,298,pcs,38,425,In Stock,3369.67,1004161.66,127,
Electronics,ITEM-1253,EXteNsIon cord,7,pcs,26,491,Low Stock,1011.31,7079.17,484,
Furniture,ITEM-1254,stEeL ALMIrah,384,pcs,36,245,In Stock,1463.42,561953.28,0,
Safety Gear,ITEM-1255,safETy heLmeT,158,pcs,14,167,In Stock,269.48,42577.84,9,
Tools,ITEM-1256,sCREWdRiveR SEt,20,set,24,110,Low Stock,4744.27,94885.4,90,
Furniture,ITEM-1257,wORkBeNCH,281,pcs,27,303,In Stock,6575.77,1847791.37,22,
Safety Gear,ITEM-1258,rEflecTive jAckEt,138,pcs,33,107,In Stock,5372.35,741384.3,0,
Furniture,ITEM-1259,STeEL AlmIRah,148,pcs,39,440,In Stock,6775.97,1002843.56,292,
Raw Materials,ITEM-1260,cOppER wiRE,95,kg,30,285,In Stock,5126,486970,190,
Safety Gear,ITEM-1261,fAce sHIeLd,373,pcs,36,386,In Stock,3292.12,1227960.76,13,
Tools,ITEM-1262,HaMMer,186,pcs,43,220,In Stock,4007.31,745359.66,34,
Supplies,ITEM-1263,mARker PEn,3,box,10,336,Low Stock,7685.8,23057.4,333,
Furniture,ITEM-1264,STEeL almIRAh,197,pcs,35,280,In Stock,1136.19,223829.43,83,
Supplies,ITEM-1265,pRiNteR PAPER,39,ream,11,346,In Stock,6620.27,258190.53,307,
Tools,ITEM-1266,WRENCh,118,pcs,19,298,In Stock,1598.05,188569.9,180,
Safety Gear,ITEM-1267,REFLEctiVE JACKet,314,pcs,43,233,In Stock,809.09,254054.26,0,
Furniture,ITEM-1268,stEEl AlmiRAh,38,pcs,10,167,In Stock,4416.82,167839.16,129,
Raw Materials,ITEM-1269,CEmENt baG,331,bag,27,131,In Stock,7208.6,2386046.6,0,
Tools,ITEM-1270,mEasurINg TaPE,131,pcs,16,419,In Stock,4051.13,530698.03,288,
Furniture,ITEM-1271,ofFiCe chaIR,90,pcs,19,415,In Stock,4684.56,421610.4,325,
Raw Materials,ITEM-1272,sAND,24,kg,16,161,In Stock,1665.82,39979.68,137,
Electronics,ITEM-1273,cEIlIng Fan,146,pcs,38,228,In Stock,6424.52,937979.92,82,
Safety Gear,ITEM-1274,safETY SHoEs,234,pair,23,174,In Stock,4974.72,1164084.48,0,
Safety Gear,ITEM-1275,refLECtiVe JaCKeT,4,pcs,28,430,Low Stock,3239.17,12956.68,426,
Tools,ITEM-1276,ELEcTrIC dRiLL,153,pcs,34,211,In Stock,7566.47,1157669.91,58,
Safety Gear,ITEM-1277,SaFetY heLmeT,182,pcs,25,466,In Stock,5200.02,946403.64,284,
Electronics,ITEM-1278,MCB SwITch,11,pcs,11,288,In Stock,1629.12,17920.32,277,
Raw Materials,ITEM-1279,stEEl ROd,131,kg,20,398,In Stock,926.35,121351.85,267,
Safety Gear,ITEM-1280,safeTy SHoes,29,pair,38,312,Low Stock,1842.94,53445.26,283,
Safety Gear,ITEM-1281,ReFLECtive JACKeT,107,pcs,34,363,In Stock,1818.93,194625.51,256,
Tools,ITEM-1282,eLEctric DRiLL,394,pcs,11,495,In Stock,3338.08,1315203.52,101,
Tools,ITEM-1283,wRENch,307,pcs,43,191,In Stock,1546.4,474744.8,0,
Supplies,ITEM-1284,inK CARTRidgE,213,pcs,26,290,In Stock,3376,719088,77,
Raw Materials,ITEM-1285,Steel rOD,113,kg,27,281,In Stock,4766.49,538613.37,168,
Furniture,ITEM-1286,WoODeN tABlE,367,pcs,27,134,In Stock,7429.77,2726725.59,0,
Furniture,ITEM-1287,WOoDEN taBle,246,pcs,44,208,In Stock,5972.08,1469131.68,0,
Electronics,ITEM-1288,LeD BuLB,364,pcs,50,129,In Stock,5936.89,2161027.96,0,
Furniture,ITEM-1289,PLaStiC sTOoL,148,pcs,36,482,In Stock,6508.75,963295,334,
Electronics,ITEM-1290,LEd BUlb,162,pcs,27,356,In Stock,5272.17,854091.54,194,
Supplies,ITEM-1291,printeR pApER,118,ream,38,288,In Stock,1296.4,152975.2,170,
Furniture,ITEM-1292,WooDen TABLE,136,pcs,19,388,In Stock,5430.73,738579.28,252,
Safety Gear,ITEM-1293,rEFlecTIVE JackET,296,pcs,48,113,In Stock,7744.33,2292321.68,0,
Tools,ITEM-1294,wrEnCh,159,pcs,22,176,In Stock,6338.6,1007837.4,17,
Electronics,ITEM-1295,SwItch BOaRd,24,pcs,40,197,Low Stock,4447.14,106731.36,173,
Safety Gear,ITEM-1296,hand GLOVES,243,pair,35,481,In Stock,4595.93,1116810.99,238,
Tools,ITEM-1297,ScReWdRIvER sEt,103,set,12,421,In Stock,6378.18,656952.54,318,
Raw Materials,ITEM-1298,SaND,250,kg,50,255,In Stock,7405.47,1851367.5,5,
Furniture,ITEM-1299,pLasTic StooL,213,pcs,41,114,In Stock,4754.65,1012740.45,0,
Supplies,ITEM-1300,cleaNIng lIqUId,356,ltr,50,200,In Stock,2512.39,894410.84,0,
Electronics,ITEM-1301,CEiLing faN,142,pcs,40,448,In Stock,3042.94,432097.48,306,
Electronics,ITEM-1302,mcb swItCH,48,pcs,27,114,In Stock,3441.78,165205.44,66,
Safety Gear,ITEM-1303,safEtY heLMEt,114,pcs,37,114,In Stock,3027.73,345161.22,0,
Supplies,ITEM-1304,PriNTER PAPer,24,ream,11,370,In Stock,3020.17,72484.08,346,
Furniture,ITEM-1305,WooDeN TablE,285,pcs,50,373,In Stock,3093.59,881673.15,88,
Supplies,ITEM-1306,cLeaNiNG LIquiD,370,ltr,28,118,In Stock,7160.88,2649525.6,0,
Supplies,ITEM-1307,ink cARtRIdgE,136,pcs,41,119,In Stock,500.5,68068,0,
Electronics,ITEM-1308,LED BUlb,39,pcs,50,303,Low Stock,5567.2,217120.8,264,
Electronics,ITEM-1309,LED bULB,258,pcs,44,465,In Stock,4970.08,1282280.64,207,
Furniture,ITEM-1310,WOoDEN TABlE,314,pcs,19,305,In Stock,7808.76,2451950.64,0,
Tools,ITEM-1311,HammEr,55,pcs,46,367,In Stock,3931.2,216216,312,
Safety Gear,ITEM-1312,sAFETy helmeT,200,pcs,47,499,In Stock,5681.1,1136220,299,
Safety Gear,ITEM-1313,sAfeTy HeLmet,120,pcs,25,423,In Stock,4048.75,485850,303,
Electronics,ITEM-1314,SWitCh BoaRd,265,pcs,13,216,In Stock,3292.69,872562.85,0,
Furniture,ITEM-1315,StEel aLMiRah,160,pcs,18,267,In Stock,5991.21,958593.6,107,
Raw Materials,ITEM-1316,PVc graNULes,158,kg,32,422,In Stock,5102.09,806130.22,264,
Furniture,ITEM-1317,wOoDEn TABLE,291,pcs,40,451,In Stock,1214.46,353407.86,160,
Tools,ITEM-1318,hAMmEr,42,pcs,26,376,In Stock,5919.83,248632.86,334,
Raw Materials,ITEM-1319,SAnD,328,kg,10,361,In Stock,6382.68,2093519.04,33,
Raw Materials,ITEM-1320,CemEnt Bag,146,bag,29,356,In Stock,7772.06,1134720.76,210,
Tools,ITEM-1321,eLEctrIC DrILl,325,pcs,11,258,In Stock,3935.39,1279001.75,0,
Electronics,ITEM-1322,mcb SWitch,14,pcs,15,111,Low Stock,969.18,13568.52,97,
Raw Materials,ITEM-1323,ceMEnT BAG,101,bag,37,223,In Stock,1066.07,107673.07,122,
Electronics,ITEM-1324,extENsIoN cOrD,152,pcs,48,362,In Stock,3088.52,469455.04,210,
Supplies,ITEM-1325,ink CARtridGe,151,pcs,47,117,In Stock,6757.31,1020353.81,0,
Tools,ITEM-1326,HaMMer,38,pcs,33,274,In Stock,6712.74,255084.12,236,
Safety Gear,ITEM-1327,SAfEtY HeLMet,103,pcs,22,289,In Stock,6295.06,648391.18,186,
Furniture,ITEM-1328,oFfIce ChaIr,305,pcs,44,127,In Stock,1413.38,431080.9,0,
Supplies,ITEM-1329,MARKer pEN,236,box,48,120,In Stock,2668.37,629735.32,0,
Supplies,ITEM-1330,mARkER PEn,237,box,43,439,In Stock,5650.74,1339225.38,202,
Electronics,ITEM-1331,SwITCh bOARd,233,pcs,40,377,In Stock,5530.69,1288650.77,144,
Supplies,ITEM-1332,pAcKinG tApe,288,roll,36,273,In Stock,2678.66,771454.08,0,
Electronics,ITEM-1333,SwiTCh BOArd,71,pcs,15,276,In Stock,3286.93,233372.03,205,
Furniture,ITEM-1334,SteeL alMIraH,301,pcs,14,343,In Stock,5429.43,1634258.43,42,
Supplies,ITEM-1335,Ink CARtridgE,330,pcs,39,352,In Stock,1139.95,376183.5,22,
Furniture,ITEM-1336,woOdeN TaBle,121,pcs,29,321,In Stock,4875.97,589992.37,200,
Safety Gear,ITEM-1337,HAnD gLOves,30,pair,27,177,In Stock,5960.4,178812,147,
Electronics,ITEM-1338,CEILIng Fan,118,pcs,25,185,In Stock,6764.23,798179.14,67,
Supplies,ITEM-1339,markEr pEN,49,box,33,193,In Stock,3038.38,148880.62,144,
Furniture,ITEM-1340,PlasTIc StOol,255,pcs,44,133,In Stock,1762.65,449475.75,0,
Furniture,ITEM-1341,steEL aLMiRah,302,pcs,50,349,In Stock,3606.34,1089114.68,47,
Furniture,ITEM-1342,plASTIC stoOl,118,pcs,21,333,In Stock,7414.16,874870.88,215,
Safety Gear,ITEM-1343,FAcE shiELD,231,pcs,50,339,In Stock,123.46,28519.26,108,
Safety Gear,ITEM-1344,safEtY HeLMet,79,pcs,14,138,In Stock,5519.96,436076.84,59,
Tools,ITEM-1345,sCrEWdriveR Set,128,set,42,346,In Stock,2223.65,284627.2,218,
Safety Gear,ITEM-1346,fACE sHielD,162,pcs,22,154,In Stock,2670.53,432625.86,0,
Raw Materials,ITEM-1347,cOPPER WirE,292,kg,47,198,In Stock,99.85,29156.2,0,
Furniture,ITEM-1348,wOrKBENcH,238,pcs,31,419,In Stock,4009.03,954149.14,181,
Raw Materials,ITEM-1349,CoPPeR Wire,260,kg,11,374,In Stock,5393.71,1402364.6,114,
Safety Gear,ITEM-1350,SaFEty SHOES,371,pair,28,142,In Stock,3578.72,1327705.12,0,
Tools,ITEM-1351,wREnCH,335,pcs,12,406,In Stock,4986.46,1670464.1,71,
Electronics,ITEM-1352,swITch boarD,363,pcs,12,134,In Stock,4382.19,1590734.97,0,
Safety Gear,ITEM-1353,HAnd glOves,20,pair,13,294,In Stock,7019.74,140394.8,274,
Furniture,ITEM-1354,STEEL AlmIraH,385,pcs,23,119,In Stock,2134.36,821728.6,0,
Electronics,ITEM-1355,leD BULB,355,pcs,22,137,In Stock,460.54,163491.7,0,
Raw Materials,ITEM-1356,ceMenT bAg,197,bag,32,197,In Stock,4865.81,958564.57,0,
Supplies,ITEM-1357,PriNTER PaPEr,269,ream,24,322,In Stock,1259.34,338762.46,53,
Safety Gear,ITEM-1358,hAND GlOves,221,pair,32,170,In Stock,1224.41,270594.61,0,
Raw Materials,ITEM-1359,CemEnt bAG,298,bag,10,227,In Stock,1810.89,539645.22,0,
Safety Gear,ITEM-1360,SAfEty heLmET,356,pcs,25,276,In Stock,6485.24,2308745.44,0,
Tools,ITEM-1361,elECTRIc DriLL,2,pcs,29,481,Low Stock,5639.53,11279.06,479,
Supplies,ITEM-1362,MArkeR pEN,120,box,10,163,In Stock,7199.19,863902.8,43,
Furniture,ITEM-1363,wOODEN TABle,376,pcs,25,382,In Stock,2877.7,1082015.2,6,
Electronics,ITEM-1364,POWer adapTER,226,pcs,20,317,In Stock,6134.89,1386485.14,91,
Electronics,ITEM-1365,EXteNsIoN CorD,103,pcs,47,272,In Stock,978.84,100820.52,169,
Raw Materials,ITEM-1366,STEeL roD,287,kg,24,460,In Stock,2054.81,589730.47,173,
Safety Gear,ITEM-1367,HAND gLOvEs,179,pair,34,257,In Stock,5304.52,949509.08,78,
Furniture,ITEM-1368,WooDEN tABLe,12,pcs,18,162,Low Stock,6488.19,77858.28,150,
Supplies,ITEM-1369,cLEaNiNg LiQuiD,256,ltr,23,189,In Stock,83.08,21268.48,0,
Supplies,ITEM-1370,inK CarTrIDge,391,pcs,35,260,In Stock,4535.91,1773540.81,0,
Supplies,ITEM-1371,INK cARTRidgE,270,pcs,50,125,In Stock,6470.98,1747164.6,0,
Raw Materials,ITEM-1372,sAnd,391,kg,46,201,In Stock,3510.85,1372742.35,0,
Supplies,ITEM-1373,CLeaNIng liqUiD,345,ltr,45,121,In Stock,2845.36,981649.2,0,
Raw Materials,ITEM-1374,CopPeR wIRE,69,kg,14,415,In Stock,5271.32,363721.08,346,
Safety Gear,ITEM-1375,REFlectivE JAcket,276,pcs,36,298,In Stock,4765.34,1315233.84,22,
Raw Materials,ITEM-1376,copPER wIRe,330,kg,25,150,In Stock,2486.63,820587.9,0,
Furniture,ITEM-1377,plAsTiC stooL,214,pcs,50,486,In Stock,2720.52,582191.28,272,
Supplies,ITEM-1378,INK CARtRidGe,1,pcs,22,279,Low Stock,4120.2,4120.2,278,
Tools,ITEM-1379,hAmMeR,195,pcs,28,192,In Stock,2187.52,426566.4,0,
Tools,ITEM-1380,meaSuring tape,341,pcs,35,270,In Stock,5138.67,1752286.47,0,
Raw Materials,ITEM-1381,STEel RoD,361,kg,31,313,In Stock,2910.1,1050546.1,0,
Supplies,ITEM-1382,PRINtEr pAPEr,166,ream,24,406,In Stock,973.97,161679.02,240,
Tools,ITEM-1383,wreNch,58,pcs,40,230,In Stock,3383.16,196223.28,172,
Tools,ITEM-1384,SCreWdrIVer SEt,262,set,35,227,In Stock,7052.03,1847631.86,0,
Tools,ITEM-1385,hammer,90,pcs,39,273,In Stock,1713.56,154220.4,183,
Electronics,ITEM-1386,LEd bulB,175,pcs,20,392,In Stock,6941.95,1214841.25,217,
Supplies,ITEM-1387,CLeANiNg liQUid,59,ltr,49,129,In Stock,7417.9,437656.1,70,
Supplies,ITEM-1388,pACKiNg TApe,304,roll,36,492,In Stock,4572.93,1390170.72,188,
Safety Gear,ITEM-1389,HaND GLOVEs,102,pair,35,282,In Stock,5237.65,534240.3,180,
Supplies,ITEM-1390,MArKer Pen,345,box,36,222,In Stock,463.01,159738.45,0,
Supplies,ITEM-1391,cleAnINg LIqUID,376,ltr,48,369,In Stock,2418.36,909303.36,0,
Furniture,ITEM-1392,pLAStIC STOoL,353,pcs,13,203,In Stock,4351.75,1536167.75,0,
Tools,ITEM-1393,electrIc dRill,330,pcs,50,136,In Stock,3558.5,1174305,0,
Tools,ITEM-1394,meaSuRIng tape,120,pcs,12,235,In Stock,3163.51,379621.2,115,
Safety Gear,ITEM-1395,sAFEty sHoES,238,pair,23,142,In Stock,1767.05,420557.9,0,
Raw Materials,ITEM-1396,CEmENt bag,180,bag,49,321,In Stock,2457.2,442296,141,
Safety Gear,ITEM-1397,saFETY shoEs,118,pair,16,138,In Stock,341.49,40295.82,20,
Safety Gear,ITEM-1398,SAFETy heLMEt,318,pcs,24,477,In Stock,1134.31,360710.58,159,
Raw Materials,ITEM-1399,SanD,5,kg,36,148,Low Stock,1768.59,8842.95,143,
Safety Gear,ITEM-1400,sAfeTy HeLMEt,117,pcs,10,158,In Stock,1804.28,211100.76,41,
Raw Materials,ITEM-1401,Pvc GRANuLES,281,kg,40,359,In Stock,1268.44,356431.64,78,
Electronics,ITEM-1402,cEiliNg Fan,134,pcs,48,228,In Stock,223.86,29997.24,94,
Furniture,ITEM-1403,StEel aLmiraH,386,pcs,46,437,In Stock,6838.91,2639819.26,51,
Raw Materials,ITEM-1404,sand,204,kg,16,315,In Stock,1937.51,395252.04,111,
Raw Materials,ITEM-1405,coppEr wire,211,kg,19,347,In Stock,629.05,132729.55,136,
Supplies,ITEM-1406,Ink CARTridge,36,pcs,17,231,In Stock,1578.02,56808.72,195,
Supplies,ITEM-1407,PrINtER papeR,366,ream,27,347,In Stock,2028.3,742357.8,0,
Supplies,ITEM-1408,pRINTEr PaPER,257,ream,35,457,In Stock,995.67,255887.19,200,
Raw Materials,ITEM-1409,steEl rOd,302,kg,31,296,In Stock,2939.6,887759.2,0,
Furniture,ITEM-1410,wORKbencH,125,pcs,24,372,In Stock,946.41,118301.25,247,
Electronics,ITEM-1411,pOwer ADApTER,57,pcs,16,319,In Stock,4390.45,250255.65,262,
Raw Materials,ITEM-1412,steeL Rod,99,kg,14,491,In Stock,3939.44,390004.56,392,
Supplies,ITEM-1413,inK cARTriDGE,353,pcs,34,352,In Stock,4915.2,1735065.6,0,
Safety Gear,ITEM-1414,SaFeTy HElMeT,367,pcs,33,224,In Stock,866.2,317895.4,0,
Raw Materials,ITEM-1415,steeL ROd,16,kg,22,284,Low Stock,7624.44,121991.04,268,
Safety Gear,ITEM-1416,ReFLECtiVe jACkET,360,pcs,13,343,In Stock,3511.51,1264143.6,0,
Raw Materials,ITEM-1417,steEl Rod,44,kg,23,204,In Stock,3682.99,162051.56,160,
Raw Materials,ITEM-1418,Pvc GRanuLEs,3,kg,19,369,Low Stock,3762.75,11288.25,366,
Electronics,ITEM-1419,EXteNSIon coRd,388,pcs,43,384,In Stock,7292.3,2829412.4,0,
Electronics,ITEM-1420,poweR ADapTER,320,pcs,31,337,In Stock,567.64,181644.8,17,
Supplies,ITEM-1421,iNk CartRIDge,161,pcs,24,426,In Stock,7659.69,1233210.09,265,
Supplies,ITEM-1422,PRInTER pAper,62,ream,16,374,In Stock,6002.72,372168.64,312,
Raw Materials,ITEM-1423,PVC GrAnULes,141,kg,12,477,In Stock,7796.6,1099320.6,336,
Furniture,ITEM-1424,OFFiCe CHAIr,357,pcs,26,180,In Stock,3026.44,1080439.08,0,
Supplies,ITEM-1425,iNk CaRtRIdGE,97,pcs,46,249,In Stock,4682.91,454242.27,152,
Supplies,ITEM-1426,InK caRtridGE,42,pcs,12,376,In Stock,2101.06,88244.52,334,
Safety Gear,ITEM-1427,SAFETY hElMET,339,pcs,28,259,In Stock,3775.96,1280050.44,0,
Tools,ITEM-1428,haMMER,312,pcs,31,463,In Stock,3075.12,959437.44,151,
Raw Materials,ITEM-1429,coPPer WirE,390,kg,30,221,In Stock,3904.97,1522938.3,0,
Safety Gear,ITEM-1430,SafETY SHoES,164,pair,41,383,In Stock,7602.16,1246754.24,219,
Furniture,ITEM-1431,PLastic stOoL,59,pcs,41,498,In Stock,7633.4,450370.6,439,
Raw Materials,ITEM-1432,COPPeR WiRE,69,kg,37,214,In Stock,7969.63,549904.47,145,
Safety Gear,ITEM-1433,ReFleCtIVE JaCKet,144,pcs,49,379,In Stock,7846.3,1129867.2,235,
Safety Gear,ITEM-1434,REfLECtiVe jaCKet,318,pcs,26,293,In Stock,7048.45,2241407.1,0,
Electronics,ITEM-1435,Switch BOArD,221,pcs,11,239,In Stock,1377.45,304416.45,18,
Supplies,ITEM-1436,CLeAnINg lIQuID,266,ltr,13,186,In Stock,7064.73,1879218.18,0,
Supplies,ITEM-1437,pRInteR PapER,205,ream,30,382,In Stock,3407.19,698473.95,177,
Supplies,ITEM-1438,PAckiNg taPe,25,roll,30,421,Low Stock,7319.48,182987,396,
Tools,ITEM-1439,eLECtRIC DRilL,231,pcs,16,180,In Stock,3908.99,902976.69,0,
Electronics,ITEM-1440,McB sWITcH,187,pcs,24,173,In Stock,6012.59,1124354.33,0,
Supplies,ITEM-1441,CLEANing liqUId,231,ltr,30,463,In Stock,2270.61,524510.91,232,
Tools,ITEM-1442,screwDriVer Set,228,set,11,129,In Stock,2624.17,598310.76,0,
Tools,ITEM-1443,HAmMer,373,pcs,29,460,In Stock,3311.72,1235271.56,87,
Raw Materials,ITEM-1444,Sand,4,kg,21,144,Low Stock,3438.92,13755.68,140,
Furniture,ITEM-1445,OffICe chaiR,139,pcs,42,372,In Stock,2956.38,410936.82,233,
Raw Materials,ITEM-1446,CemENt bag,318,bag,45,314,In Stock,6691.55,2127912.9,0,
Safety Gear,ITEM-1447,rEFlECtivE jAcKet,71,pcs,44,476,In Stock,4796.35,340540.85,405,
Raw Materials,ITEM-1448,SaND,29,kg,29,314,In Stock,272.55,7903.95,285,
Safety Gear,ITEM-1449,HAnd gLovES,114,pair,44,349,In Stock,6700.99,763912.86,235,
Raw Materials,ITEM-1450,sTEEl Rod,53,kg,48,441,In Stock,6133.95,325099.35,388,
Tools,ITEM-1451,HAMmer,321,pcs,10,197,In Stock,4411.08,1415956.68,0,
Raw Materials,ITEM-1452,SteEl rOD,90,kg,48,209,In Stock,1756.25,158062.5,119,
Supplies,ITEM-1453,InK CARTriDGE,160,pcs,37,359,In Stock,3542.28,566764.8,199,
Raw Materials,ITEM-1454,CEment BAG,51,bag,15,157,In Stock,1208.63,61640.13,106,
Raw Materials,ITEM-1455,cOpper wIre,186,kg,45,196,In Stock,1347.62,250657.32,10,
Raw Materials,ITEM-1456,sTEeL ROD,210,kg,11,318,In Stock,1592.16,334353.6,108,
Supplies,ITEM-1457,iNK cArTrIDgE,209,pcs,47,414,In Stock,7650.11,1598872.99,205,
Safety Gear,ITEM-1458,fAce shIELD,101,pcs,49,462,In Stock,6891.99,696090.99,361,
Raw Materials,ITEM-1459,SAND,169,kg,41,355,In Stock,3437.28,580900.32,186,
Furniture,ITEM-1460,oFFicE ChaIr,71,pcs,27,490,In Stock,6308.01,447868.71,419,
Supplies,ITEM-1461,PackINg tApE,343,roll,12,174,In Stock,65.22,22370.46,0,
Furniture,ITEM-1462,PLaSTIc STOoL,170,pcs,29,207,In Stock,7076.18,1202950.6,37,
Safety Gear,ITEM-1463,SafEty HElMEt,288,pcs,25,329,In Stock,7563.33,2178239.04,41,
Furniture,ITEM-1464,STEEL ALmIrAH,88,pcs,42,213,In Stock,85.22,7499.36,125,
Tools,ITEM-1465,wrencH,292,pcs,39,219,In Stock,4756.14,1388792.88,0,
Safety Gear,ITEM-1466,rEflECtIvE Jacket,207,pcs,36,310,In Stock,911.44,188668.08,103,
Supplies,ITEM-1467,ink cArTRiDge,160,pcs,48,149,In Stock,2656.81,425089.6,0,
Raw Materials,ITEM-1468,pvc GrAnULeS,38,kg,40,173,Low Stock,1088.95,41380.1,135,
Safety Gear,ITEM-1469,ReFLEcTIVE JACket,183,pcs,50,236,In Stock,891.61,163164.63,53,
Raw Materials,ITEM-1470,cOPPeR wIRe,36,kg,34,283,In Stock,4441.57,159896.52,247,
Furniture,ITEM-1471,WOrkbEncH,215,pcs,21,297,In Stock,3225.73,693531.95,82,
Electronics,ITEM-1472,lED buLb,243,pcs,30,336,In Stock,4857.67,1180413.81,93,
Safety Gear,ITEM-1473,safeTY SHOeS,312,pair,23,164,In Stock,4945.27,1542924.24,0,
Furniture,ITEM-1474,sTEEL aLMirAH,388,pcs,27,437,In Stock,7645.64,2966508.32,49,
Raw Materials,ITEM-1475,StEeL ROd,91,kg,21,351,In Stock,5719.73,520495.43,260,
Furniture,ITEM-1476,Wooden TabLe,210,pcs,34,135,In Stock,6414.74,1347095.4,0,
Supplies,ITEM-1477,MaRKeR pen,399,box,35,406,In Stock,7755.61,3094488.39,7,
Tools,ITEM-1478,WrenCH,230,pcs,22,262,In Stock,2287.62,526152.6,32,
Safety Gear,ITEM-1479,reflecTIvE jacKEt,95,pcs,28,448,In Stock,2883.68,273949.6,353,
Tools,ITEM-1480,scrEWdRIveR SEt,8,set,40,167,Low Stock,7281.12,58248.96,159,
Supplies,ITEM-1481,MArKER PeN,263,box,13,274,In Stock,6813.41,1791926.83,11,
Supplies,ITEM-1482,pRInTer pAPEr,266,ream,46,215,In Stock,3030.87,806211.42,0,
Tools,ITEM-1483,HAMMeR,147,pcs,17,370,In Stock,2374.21,349008.87,223,
Electronics,ITEM-1484,leD BulB,117,pcs,29,254,In Stock,6128.24,717004.08,137,
Safety Gear,ITEM-1485,SaFety ShOES,88,pair,13,169,In Stock,6939.01,610632.88,81,
Raw Materials,ITEM-1486,STeEL Rod,343,kg,27,112,In Stock,267.27,91673.61,0,
Raw Materials,ITEM-1487,COPpeR WirE,281,kg,44,221,In Stock,3919.58,1101401.98,0,
Furniture,ITEM-1488,WOODEn TABlE,24,pcs,17,186,In Stock,3013.13,72315.12,162,
Electronics,ITEM-1489,leD bulB,199,pcs,47,334,In Stock,6212.89,1236365.11,135,
Electronics,ITEM-1490,pOWEr aDAPTEr,64,pcs,22,432,In Stock,3919.32,250836.48,368,
Safety Gear,ITEM-1491,rEFLeCTIVE jACket,78,pcs,43,384,In Stock,7242.64,564925.92,306,
Raw Materials,ITEM-1492,saNd,94,kg,16,225,In Stock,4355.03,409372.82,131,
Supplies,ITEM-1493,PacKinG tape,237,roll,49,186,In Stock,994.36,235663.32,0,
Furniture,ITEM-1494,StEEl alMIRaH,50,pcs,27,347,In Stock,117.93,5896.5,297,
Safety Gear,ITEM-1495,hAnD GLOVES,128,pair,24,203,In Stock,642.23,82205.44,75,
Safety Gear,ITEM-1496,hAND glOveS,187,pair,10,130,In Stock,6312.45,1180428.15,0,
Electronics,ITEM-1497,CeILiNG faN,293,pcs,15,265,In Stock,138.09,40460.37,0,
Supplies,ITEM-1498,MArkER PEN,247,box,41,260,In Stock,6356.84,1570139.48,13,
Tools,ITEM-1499,wrENch,241,pcs,24,303,In Stock,6608.55,1592660.55,62,
Tools,ITEM-1500,eLeCTRIc DrIlL,173,pcs,21,328,In Stock,7112.74,1230504.02,155,
Furniture,ITEM-1501,PLAstiC stool,169,pcs,43,218,In Stock,7376.69,1246660.61,49,
Electronics,ITEM-1502,MCB SWItch,191,pcs,19,408,In Stock,4414.63,843194.33,217,
Furniture,ITEM-1503,sTeEL AlMiraH,86,pcs,10,167,In Stock,882.92,75931.12,81,
Furniture,ITEM-1504,WoOden table,258,pcs,31,284,In Stock,5016.74,1294318.92,26,
Raw Materials,ITEM-1505,SANd,97,kg,17,399,In Stock,233.61,22660.17,302,
Safety Gear,ITEM-1506,SafEty hELmET,399,pcs,26,204,In Stock,1017.83,406114.17,0,
Electronics,ITEM-1507,mcB sWItCh,259,pcs,32,155,In Stock,6498.37,1683077.83,0,
Furniture,ITEM-1508,office cHaIr,148,pcs,23,119,In Stock,759.31,112377.88,0,
Furniture,ITEM-1509,offIcE ChAIR,199,pcs,24,311,In Stock,6018.7,1197721.3,112,
Tools,ITEM-1510,SCREwDRIVER sET,284,set,13,466,In Stock,3437.24,976176.16,182,
Electronics,ITEM-1511,cEILINg FaN,222,pcs,16,175,In Stock,4452.34,988419.48,0,
Supplies,ITEM-1512,pacKINg taPe,134,roll,36,482,In Stock,6164.78,826080.52,348,
Supplies,ITEM-1513,CleAnInG LiQUId,374,ltr,50,411,In Stock,6447.04,2411192.96,37,
Supplies,ITEM-1514,ink CaRtrIdgE,309,pcs,39,492,In Stock,2004.99,619541.91,183,
Tools,ITEM-1515,WRenCh,390,pcs,43,125,In Stock,2471.11,963732.9,0,
Tools,ITEM-1516,ScReWDRIveR SEt,96,set,13,447,In Stock,7478.64,717949.44,351,
Supplies,ITEM-1517,marker PeN,198,box,50,246,In Stock,2578.14,510471.72,48,
Electronics,ITEM-1518,sWItcH bOarD,299,pcs,21,228,In Stock,1829.98,547164.02,0,
Electronics,ITEM-1519,LED BulB,211,pcs,46,417,In Stock,3221.88,679816.68,206,
Furniture,ITEM-1520,wOODEn TabLe,87,pcs,10,267,In Stock,1968.42,171252.54,180,
Supplies,ITEM-1521,cLeANing lIQuId,64,ltr,11,121,In Stock,4362.93,279227.52,57,
Furniture,ITEM-1522,STEEL almirAH,399,pcs,17,148,In Stock,4602.49,1836393.51,0,
Electronics,ITEM-1523,MCB sWITch,251,pcs,35,497,In Stock,6298.41,1580900.91,246,
Supplies,ITEM-1524,iNk caRtRiDGE,6,pcs,13,178,Low Stock,6685.6,40113.6,172,
Furniture,ITEM-1525,PlAsTic StooL,230,pcs,23,179,In Stock,764.51,175837.3,0,
Raw Materials,ITEM-1526,StEel ROd,208,kg,30,341,In Stock,3206.96,667047.68,133,
Tools,ITEM-1527,ElEctrIC DRiLL,84,pcs,50,253,In Stock,7163.87,601765.08,169,
Safety Gear,ITEM-1528,HaND GLoVES,306,pair,16,236,In Stock,2877.58,880539.48,0,
Tools,ITEM-1529,WrEnCH,11,pcs,48,173,Low Stock,4819.89,53018.79,162,
Raw Materials,ITEM-1530,coPPEr WiRe,375,kg,31,118,In Stock,6701.32,2512995,0,
Furniture,ITEM-1531,OfFICe cHair,110,pcs,18,194,In Stock,1830.59,201364.9,84,
Electronics,ITEM-1532,mcB SwitcH,259,pcs,31,128,In Stock,6774.32,1754548.88,0,
Furniture,ITEM-1533,wOodEn tAblE,294,pcs,26,211,In Stock,4017.92,1181268.48,0,
Furniture,ITEM-1534,WoODEN TablE,126,pcs,44,110,In Stock,6891.47,868325.22,0,
Electronics,ITEM-1535,EXtEnSiOn CORd,212,pcs,24,261,In Stock,1282.61,271913.32,49,
Safety Gear,ITEM-1536,Hand gLOVeS,73,pair,20,435,In Stock,1194.95,87231.35,362,
Safety Gear,ITEM-1537,Safety sHoes,178,pair,36,415,In Stock,6051.08,1077092.24,237,
Electronics,ITEM-1538,lED bulb,391,pcs,39,237,In Stock,4061.54,1588062.14,0,
Supplies,ITEM-1539,pACkIng TAPe,242,roll,48,432,In Stock,4683.91,1133506.22,190,
Supplies,ITEM-1540,CLeaNiNg LiquID,182,ltr,43,158,In Stock,3323.59,604893.38,0,
Supplies,ITEM-1541,CleaniNg lIquiD,217,ltr,28,207,In Stock,147.17,31935.89,0,
Raw Materials,ITEM-1542,PVC GRANULes,373,kg,35,295,In Stock,7588.72,2830592.56,0,
Tools,ITEM-1543,MEAsuRINg tape,79,pcs,38,398,In Stock,2019.13,159511.27,319,
Safety Gear,ITEM-1544,FACe ShieLD,132,pcs,38,189,In Stock,6048.38,798386.16,57,
Tools,ITEM-1545,scrEWDRIvEr sET,101,set,24,143,In Stock,1343.57,135700.57,42,
Furniture,ITEM-1546,STEeL ALMiRAH,331,pcs,44,238,In Stock,4378.63,1449326.53,0,
Safety Gear,ITEM-1547,haNd gLOVes,18,pair,12,468,In Stock,5267.77,94819.86,450,
Electronics,ITEM-1548,ExteNSIoN corD,178,pcs,19,151,In Stock,471.13,83861.14,0,
Raw Materials,ITEM-1549,Pvc grANuLes,184,kg,27,431,In Stock,4675.2,860236.8,247,
Electronics,ITEM-1550,cEiliNg FaN,103,pcs,12,265,In Stock,1908.28,196552.84,162,
Electronics,ITEM-1551,mcB swItch,376,pcs,41,126,In Stock,6416.34,2412543.84,0,
Safety Gear,ITEM-1552,ReFlECTivE JACket,178,pcs,20,114,In Stock,3517.61,626134.58,0,
Tools,ITEM-1553,ElectrIC DrIlL,198,pcs,32,334,In Stock,288.72,57166.56,136,
Supplies,ITEM-1554,packIng tapE,356,roll,26,335,In Stock,611.41,217661.96,0,
Safety Gear,ITEM-1555,FAce sHiEld,215,pcs,24,164,In Stock,3082.04,662638.6,0,
Tools,ITEM-1556,HAmmEr,60,pcs,45,113,In Stock,3196.27,191776.2,53,
Safety Gear,ITEM-1557,SafETy heLmet,115,pcs,21,276,In Stock,2108.29,242453.35,161,
Furniture,ITEM-1558,OfFICE cHaiR,81,pcs,30,485,In Stock,7688.17,622741.77,404,
Furniture,ITEM-1559,SteEl almirAH,134,pcs,31,271,In Stock,7618.02,1020814.68,137,
Furniture,ITEM-1560,OffiCE cHaIr,86,pcs,43,428,In Stock,1189.6,102305.6,342,
Furniture,ITEM-1561,sTEEl AlmiRah,255,pcs,12,412,In Stock,1074.9,274099.5,157,
Tools,ITEM-1562,hAmmeR,122,pcs,45,250,In Stock,4049.26,494009.72,128,
Supplies,ITEM-1563,mARkeR Pen,33,box,21,425,In Stock,7103.29,234408.57,392,
Raw Materials,ITEM-1564,SaND,181,kg,23,140,In Stock,1586.07,287078.67,0,
Raw Materials,ITEM-1565,pvC gRaNulES,50,kg,20,371,In Stock,6882,344100,321,
Furniture,ITEM-1566,pLAstic stooL,90,pcs,10,486,In Stock,986.45,88780.5,396,
Furniture,ITEM-1567,woOdEN TaBle,23,pcs,26,205,Low Stock,4715.16,108448.68,182,
Furniture,ITEM-1568,WooDEn TaBlE,383,pcs,16,399,In Stock,3809.22,1458931.26,16,
Tools,ITEM-1569,MeasuRING TApE,231,pcs,42,297,In Stock,6077.01,1403789.31,66,
Safety Gear,ITEM-1570,SAFeTy ShoES,235,pair,45,231,In Stock,7139.73,1677836.55,0,
Raw Materials,ITEM-1571,Sand,65,kg,27,238,In Stock,5757.1,374211.5,173,
Electronics,ITEM-1572,exTeNSION CorD,73,pcs,42,422,In Stock,6768.33,494088.09,349,
Supplies,ITEM-1573,mArKEr PEn,134,box,34,296,In Stock,4812.73,644905.82,162,
Supplies,ITEM-1574,pRInter pAPer,86,ream,40,428,In Stock,3367.25,289583.5,342,
Furniture,ITEM-1575,WorkBenCH,385,pcs,27,220,In Stock,6660.3,2564215.5,0,
Furniture,ITEM-1576,wORkBEnCH,356,pcs,43,460,In Stock,3531.53,1257224.68,104,
Supplies,ITEM-1577,PRINter PAPER,291,ream,39,357,In Stock,2866.62,834186.42,66,
Tools,ITEM-1578,haMmER,147,pcs,37,184,In Stock,5875.39,863682.33,37,
Tools,ITEM-1579,ElEcTRIc DRiLl,267,pcs,35,125,In Stock,5574.95,1488511.65,0,
Furniture,ITEM-1580,WOrKbENch,160,pcs,21,338,In Stock,2879.01,460641.6,178,
Tools,ITEM-1581,mEASuriNg tapE,393,pcs,17,185,In Stock,1316.82,517510.26,0,
Furniture,ITEM-1582,wOrKBeNCh,368,pcs,49,422,In Stock,4720.65,1737199.2,54,
Supplies,ITEM-1583,cLeANING liQUid,309,ltr,11,467,In Stock,7972.28,2463434.52,158,
Raw Materials,ITEM-1584,pVc grANulEs,0,kg,29,337,Low Stock,2335.26,0,337,
Furniture,ITEM-1585,WooDeN taBLe,358,pcs,29,348,In Stock,6019.35,2154927.3,0,
Supplies,ITEM-1586,paCkiNg TapE,302,roll,20,464,In Stock,5053.72,1526223.44,162,
Supplies,ITEM-1587,ClEAnINg liQuID,266,ltr,11,438,In Stock,6857.62,1824126.92,172,
Safety Gear,ITEM-1588,HAnD GloVes,298,pair,37,161,In Stock,3121.89,930323.22,0,
Furniture,ITEM-1589,offiCe cHair,54,pcs,37,324,In Stock,5439.63,293740.02,270,
Furniture,ITEM-1590,ofFIce ChaIr,285,pcs,50,177,In Stock,5142.88,1465720.8,0,
Tools,ITEM-1591,hAMmeR,118,pcs,37,142,In Stock,1466.52,173049.36,24,
Electronics,ITEM-1592,mCb SwItch,10,pcs,46,397,Low Stock,7266.91,72669.1,387,
Raw Materials,ITEM-1593,CeMENt bAg,207,bag,15,337,In Stock,2653.86,549349.02,130,
Supplies,ITEM-1594,MArKeR pEN,309,box,26,405,In Stock,6101.7,1885425.3,96,
Safety Gear,ITEM-1595,REFlEctivE JACKet,292,pcs,49,475,In Stock,6379.08,1862691.36,183,
Furniture,ITEM-1596,sTEEL alMIRaH,208,pcs,38,259,In Stock,1412.22,293741.76,51,
Supplies,ITEM-1597,ClEAninG lIQuID,209,ltr,24,151,In Stock,3024.92,632208.28,0,
Supplies,ITEM-1598,Ink CaRtRIdGE,246,pcs,12,159,In Stock,5295.28,1302638.88,0,
Furniture,ITEM-1599,Steel alMirAH,396,pcs,33,298,In Stock,6743.36,2670370.56,0,
Furniture,ITEM-1600,WorKBENCh,3,pcs,24,461,Low Stock,7080.86,21242.58,458,
Supplies,ITEM-1601,PaCKINg TapE,236,roll,42,418,In Stock,7949.86,1876166.96,182,
Raw Materials,ITEM-1602,COPPEr wIRe,91,kg,46,347,In Stock,195.5,17790.5,256,
Furniture,ITEM-1603,Plastic StOol,160,pcs,20,475,In Stock,3594.95,575192,315,
Tools,ITEM-1604,wREnCh,21,pcs,41,428,Low Stock,5482.73,115137.33,407,
Raw Materials,ITEM-1605,pvc GRaNuLEs,63,kg,45,428,In Stock,236.94,14927.22,365,
Tools,ITEM-1606,ElEctRiC drILL,26,pcs,42,394,Low Stock,7558.35,196517.1,368,
Electronics,ITEM-1607,eXTeNsIOn COrD,6,pcs,19,413,Low Stock,7466.3,44797.8,407,
Raw Materials,ITEM-1608,SteeL ROD,270,kg,44,361,In Stock,3908.7,1055349,91,
Furniture,ITEM-1609,woOdeN taBLE,214,pcs,32,150,In Stock,4999.5,1069893,0,
Furniture,ITEM-1610,woOdEn TAbLe,39,pcs,23,489,In Stock,5494.23,214274.97,450,
Electronics,ITEM-1611,MCB SWItCh,160,pcs,26,285,In Stock,3330.45,532872,125,
Supplies,ITEM-1612,INk cARTridGe,255,pcs,20,330,In Stock,2221.97,566602.35,75,
Safety Gear,ITEM-1613,SAfeTy HeLmet,84,pcs,42,153,In Stock,901.46,75722.64,69,
Tools,ITEM-1614,hAMMEr,10,pcs,24,489,Low Stock,5474.76,54747.6,479,
Safety Gear,ITEM-1615,safeTy sHoES,397,pair,44,301,In Stock,2837.86,1126630.42,0,
Safety Gear,ITEM-1616,rEFlectiVE jACKet,330,pcs,12,347,In Stock,3129.17,1032626.1,17,
Supplies,ITEM-1617,cLEaNING liQUiD,175,ltr,34,500,In Stock,4541.81,794816.75,325,
Electronics,ITEM-1618,powER ADapTER,24,pcs,25,430,Low Stock,4383.66,105207.84,406,
Supplies,ITEM-1619,INK CARTRIdgE,235,pcs,42,429,In Stock,3036.87,713664.45,194,
Safety Gear,ITEM-1620,refleCtiVe JaCKET,188,pcs,15,260,In Stock,7369.86,1385533.68,72,
Raw Materials,ITEM-1621,STeel roD,282,kg,15,187,In Stock,2504.97,706401.54,0,
Tools,ITEM-1622,eLEctrIC driLl,160,pcs,18,405,In Stock,6399.92,1023987.2,245,
Supplies,ITEM-1623,MaRKER Pen,399,box,36,318,In Stock,4280.01,1707723.99,0,
Raw Materials,ITEM-1624,sand,172,kg,40,451,In Stock,6069.25,1043911,279,
Safety Gear,ITEM-1625,sAfETy helmet,71,pcs,34,378,In Stock,3999.22,283944.62,307,
Safety Gear,ITEM-1626,rEFLeCtiVe jaCKet,189,pcs,16,321,In Stock,6375.73,1205012.97,132,
Electronics,ITEM-1627,ExTENSion cord,291,pcs,10,401,In Stock,6873.49,2000185.59,110,
Raw Materials,ITEM-1628,Pvc gRaNuLeS,297,kg,11,382,In Stock,3523.46,1046467.62,85,
Electronics,ITEM-1629,SWiTCH BoArD,334,pcs,45,170,In Stock,1124.8,375683.2,0,
Supplies,ITEM-1630,pAcKIng Tape,306,roll,10,239,In Stock,318.72,97528.32,0,
Supplies,ITEM-1631,pRiNter PAPER,131,ream,20,207,In Stock,5959.86,780741.66,76,
Tools,ITEM-1632,WrEnCh,51,pcs,33,199,In Stock,7787.52,397163.52,148,
Safety Gear,ITEM-1633,HAnd glOvEs,146,pair,26,453,In Stock,7962.86,1162577.56,307,
Electronics,ITEM-1634,ceilinG FaN,198,pcs,30,281,In Stock,4014,794772,83,
Electronics,ITEM-1635,EXTenSioN CoRD,223,pcs,39,146,In Stock,5032.72,1122296.56,0,
Electronics,ITEM-1636,cEIlIng faN,26,pcs,37,488,Low Stock,4510.35,117269.1,462,
Raw Materials,ITEM-1637,CoPpER WirE,338,kg,25,383,In Stock,88.05,29760.9,45,
Furniture,ITEM-1638,WOOdEN tAble,106,pcs,28,244,In Stock,5966.12,632408.72,138,
Electronics,ITEM-1639,CeiLiNG fAN,375,pcs,42,237,In Stock,802.88,301080,0,
Furniture,ITEM-1640,wOODEn TABLE,343,pcs,35,359,In Stock,7113.62,2439971.66,16,
Supplies,ITEM-1641,prINTER Paper,137,ream,25,308,In Stock,7900.39,1082353.43,171,
Raw Materials,ITEM-1642,sANd,217,kg,45,340,In Stock,595.3,129180.1,123,
Electronics,ITEM-1643,CEILInG fAN,211,pcs,40,343,In Stock,5196.31,1096421.41,132,
Supplies,ITEM-1644,Ink carTriDgE,379,pcs,25,153,In Stock,1636.4,620195.6,0,
Raw Materials,ITEM-1645,cOPpEr wIRe,176,kg,19,373,In Stock,2880.89,507036.64,197,
Electronics,ITEM-1646,SwiTCh bOarD,158,pcs,28,476,In Stock,1405.6,222084.8,318,
Tools,ITEM-1647,wRENCh,328,pcs,11,136,In Stock,2092.49,686336.72,0,
Electronics,ITEM-1648,MCB SwItCh,203,pcs,46,124,In Stock,5339.53,1083924.59,0,
Electronics,ITEM-1649,mCb sWiTCH,54,pcs,32,256,In Stock,1672.38,90308.52,202,
Tools,ITEM-1650,eleCtrIC DrILl,160,pcs,45,440,In Stock,3174.2,507872,280,
Tools,ITEM-1651,HAMMER,248,pcs,20,158,In Stock,6518.97,1616704.56,0,
Supplies,ITEM-1652,CLEAninG LIqUID,122,ltr,40,114,In Stock,3912,477264,0,
Safety Gear,ITEM-1653,fACE sHiElD,70,pcs,16,312,In Stock,4419.8,309386,242,
Supplies,ITEM-1654,mArkeR pEN,341,box,13,245,In Stock,4841.43,1650927.63,0,
Electronics,ITEM-1655,sWiTch BoarD,274,pcs,40,130,In Stock,7438.54,2038159.96,0,
Safety Gear,ITEM-1656,SaFETy heLmet,292,pcs,13,367,In Stock,1677.61,489862.12,75,
Electronics,ITEM-1657,exTensIOn coRd,0,pcs,38,331,Low Stock,2521.1,0,331,
Safety Gear,ITEM-1658,HANd GlOvES,368,pair,25,423,In Stock,7442.45,2738821.6,55,
Safety Gear,ITEM-1659,hAnD glovEs,258,pair,50,302,In Stock,3958.68,1021339.44,44,
Safety Gear,ITEM-1660,sAFEtY ShoES,281,pair,21,140,In Stock,4433.12,1245706.72,0,
Supplies,ITEM-1661,PacKINg TApE,270,roll,14,294,In Stock,4515.94,1219303.8,24,
Supplies,ITEM-1662,cLEaNIng LIquID,185,ltr,37,364,In Stock,836.67,154783.95,179,
Safety Gear,ITEM-1663,ReflEctivE JaCkEt,38,pcs,31,143,In Stock,5019.72,190749.36,105,
Raw Materials,ITEM-1664,stEEL ROd,249,kg,43,333,In Stock,1203.62,299701.38,84,
Electronics,ITEM-1665,ExTEnSiON COrd,190,pcs,10,256,In Stock,6628.12,1259342.8,66,
Supplies,ITEM-1666,inK cARtRidGE,337,pcs,11,236,In Stock,2700,909900,0,
Safety Gear,ITEM-1667,SAFEty HELmet,145,pcs,43,341,In Stock,6427.09,931928.05,196,
Furniture,ITEM-1668,OFfiCe cHair,53,pcs,35,227,In Stock,4491.51,238050.03,174,
Supplies,ITEM-1669,cLeanINg LIquid,297,ltr,44,457,In Stock,7151.28,2123930.16,160,
Electronics,ITEM-1670,ExteNSion coRD,32,pcs,32,278,In Stock,7796.61,249491.52,246,
Safety Gear,ITEM-1671,HaND glOves,139,pair,12,495,In Stock,5033.61,699671.79,356,
Tools,ITEM-1672,ELEctRIc dRIll,332,pcs,21,342,In Stock,2802.6,930463.2,10,
Raw Materials,ITEM-1673,pvC GraNUles,187,kg,13,382,In Stock,4911.84,918514.08,195,
Safety Gear,ITEM-1674,SAfetY HelmeT,24,pcs,26,204,Low Stock,4847.21,116333.04,180,
Electronics,ITEM-1675,SwiTCh BoARD,175,pcs,25,345,In Stock,5698.94,997314.5,170,
Safety Gear,ITEM-1676,HAnd GLOVEs,296,pair,41,390,In Stock,4453.12,1318123.52,94,
Electronics,ITEM-1677,EXteNsIon CoRD,52,pcs,41,199,In Stock,399.26,20761.52,147,
Electronics,ITEM-1678,EXtenSIOn Cord,156,pcs,34,194,In Stock,1602.1,249927.6,38,
Raw Materials,ITEM-1679,cOpper wiRE,28,kg,17,373,In Stock,2261.73,63328.44,345,
Furniture,ITEM-1680,woOdEn tAbLE,276,pcs,29,229,In Stock,3533.17,975154.92,0,
Safety Gear,ITEM-1681,hanD gloVES,233,pair,33,373,In Stock,6764.15,1576046.95,140,
Electronics,ITEM-1682,mCb SwiTCh,17,pcs,17,198,In Stock,3405.79,57898.43,181,
Electronics,ITEM-1683,eXteNSiOn CORD,318,pcs,17,459,In Stock,3823.41,1215844.38,141,
Electronics,ITEM-1684,swiTCH Board,232,pcs,46,360,In Stock,5350.01,1241202.32,128,
Safety Gear,ITEM-1685,SAFety heLMet,162,pcs,38,321,In Stock,7808.89,1265040.18,159,
Electronics,ITEM-1686,ceiling faN,138,pcs,24,106,In Stock,1147.56,158363.28,0,
Raw Materials,ITEM-1687,PVc grANulEs,71,kg,30,295,In Stock,5085.45,361066.95,224,
Tools,ITEM-1688,MeASUrIng TApE,243,pcs,37,475,In Stock,3967.69,964148.67,232,
Furniture,ITEM-1689,STeEL AlmIRah,201,pcs,17,225,In Stock,547.88,110123.88,24,
Supplies,ITEM-1690,PAckiNG TAPe,50,roll,17,186,In Stock,1272.4,63620,136,
Electronics,ITEM-1691,exTEnSIOn cORd,241,pcs,27,251,In Stock,907.36,218673.76,10,
Electronics,ITEM-1692,CEiLinG fan,310,pcs,39,358,In Stock,6727.14,2085413.4,48,
Electronics,ITEM-1693,Switch bOArd,167,pcs,16,258,In Stock,209.29,34951.43,91,
Furniture,ITEM-1694,OFFicE chaIr,260,pcs,19,333,In Stock,7653.05,1989793,73,
Supplies,ITEM-1695,ClEANiNG liQUId,269,ltr,44,429,In Stock,5364.58,1443072.02,160,
Electronics,ITEM-1696,Led Bulb,101,pcs,31,378,In Stock,6748.99,681647.99,277,
Supplies,ITEM-1697,pRInTEr PApER,58,ream,11,440,In Stock,4747.09,275331.22,382,
Supplies,ITEM-1698,PrINTer paPER,304,ream,40,189,In Stock,3231.86,982485.44,0,
Tools,ITEM-1699,ScrEWDRIver sET,122,set,22,334,In Stock,5530.39,674707.58,212,
Raw Materials,ITEM-1700,sAND,215,kg,29,234,In Stock,4419.33,950155.95,19,
Tools,ITEM-1701,SCREwdRivEr seT,144,set,49,439,In Stock,4649.53,669532.32,295,
Raw Materials,ITEM-1702,CeMenT bAg,51,bag,46,338,In Stock,2380.4,121400.4,287,
Safety Gear,ITEM-1703,hanD gLOvES,137,pair,24,407,In Stock,6460.23,885051.51,270,
Furniture,ITEM-1704,PLASTIc STOOl,252,pcs,23,430,In Stock,5066.72,1276813.44,178,
Electronics,ITEM-1705,CEILInG faN,80,pcs,29,473,In Stock,6289.26,503140.8,393,
Tools,ITEM-1706,wreNCh,163,pcs,22,437,In Stock,7204.47,1174328.61,274,
Furniture,ITEM-1707,OFFIce chaIr,256,pcs,37,196,In Stock,3729.9,954854.4,0,
Tools,ITEM-1708,measUrIng tape,336,pcs,21,365,In Stock,7036.18,2364156.48,29,
Safety Gear,ITEM-1709,reflectIve JaCKeT,139,pcs,27,498,In Stock,5336.36,741754.04,359,
Electronics,ITEM-1710,CeiLIng fan,344,pcs,37,303,In Stock,5401.7,1858184.8,0,
Safety Gear,ITEM-1711,reFlecTIVE jACket,171,pcs,26,189,In Stock,6420.3,1097871.3,18,
Supplies,ITEM-1712,pRINtER paPer,129,ream,41,286,In Stock,1972.07,254397.03,157,
Electronics,ITEM-1713,MCb sWiTch,324,pcs,30,491,In Stock,7449.28,2413566.72,167,
Furniture,ITEM-1714,plaStIc stoOl,337,pcs,10,198,In Stock,2300.27,775190.99,0,
Tools,ITEM-1715,elecTRIC DRIlL,76,pcs,33,326,In Stock,1891.48,143752.48,250,
Raw Materials,ITEM-1716,pVc GRanULES,217,kg,37,176,In Stock,3782.34,820767.78,0,
Tools,ITEM-1717,elECtric DRilL,173,pcs,33,294,In Stock,5456.66,944002.18,121,
Safety Gear,ITEM-1718,face shiELd,245,pcs,49,235,In Stock,5447.56,1334652.2,0,
Safety Gear,ITEM-1719,REfleCtIVe JaCkET,156,pcs,23,294,In Stock,1186.75,185133,138,
Tools,ITEM-1720,HaMMer,74,pcs,27,409,In Stock,776.94,57493.56,335,
Tools,ITEM-1721,SCreWDRIvEr set,282,set,21,392,In Stock,5437.26,1533307.32,110,
Electronics,ITEM-1722,CEilING Fan,81,pcs,35,422,In Stock,7674.56,621639.36,341,
Furniture,ITEM-1723,oFfiCe cHaIR,348,pcs,14,498,In Stock,6817.9,2372629.2,150,
Electronics,ITEM-1724,SWITcH bOarD,340,pcs,50,486,In Stock,1014.27,344851.8,146,
Supplies,ITEM-1725,PacKing TAPe,144,roll,16,238,In Stock,4614.33,664463.52,94,
Safety Gear,ITEM-1726,sAfety heLMeT,302,pcs,27,176,In Stock,2356.09,711539.18,0,
Electronics,ITEM-1727,CEIlinG FAN,317,pcs,12,116,In Stock,1851.04,586779.68,0,
Supplies,ITEM-1728,ink cArTrIDgE,193,pcs,37,366,In Stock,4594.3,886699.9,173,
Safety Gear,ITEM-1729,HaNd gLovEs,243,pair,49,124,In Stock,2153.38,523271.34,0,
Tools,ITEM-1730,sCReWdriVeR Set,10,set,47,288,Low Stock,2568.45,25684.5,278,
Supplies,ITEM-1731,InK cArTriDgE,140,pcs,18,495,In Stock,1878.81,263033.4,355,
Tools,ITEM-1732,hammEr,0,pcs,18,130,Low Stock,2840.11,0,130,
Safety Gear,ITEM-1733,FacE ShIELd,253,pcs,49,263,In Stock,6918.25,1750317.25,10,
Electronics,ITEM-1734,lED bULb,290,pcs,33,319,In Stock,3414.52,990210.8,29,
Furniture,ITEM-1735,offiCE cHaIr,376,pcs,13,170,In Stock,597.5,224660,0,
Raw Materials,ITEM-1736,sAnd,275,kg,34,314,In Stock,2585.73,711075.75,39,
Supplies,ITEM-1737,CLeaNIng lIquiD,199,ltr,21,330,In Stock,3196.01,636005.99,131,
Furniture,ITEM-1738,ofFiCe chAiR,264,pcs,29,445,In Stock,2395.53,632419.92,181,
Supplies,ITEM-1739,pRINTeR pAPer,239,ream,30,388,In Stock,3897.95,931610.05,149,
Safety Gear,ITEM-1740,SaFETY ShOES,121,pair,40,334,In Stock,6958.91,842028.11,213,
Safety Gear,ITEM-1741,FACE shIelD,109,pcs,44,439,In Stock,3745.04,408209.36,330,
Furniture,ITEM-1742,woRkBENCh,310,pcs,34,246,In Stock,7592.01,2353523.1,0,
Furniture,ITEM-1743,woRKBEnCh,140,pcs,13,156,In Stock,4308.27,603157.8,16,
Furniture,ITEM-1744,pLAsTiC STool,10,pcs,48,193,Low Stock,2011.17,20111.7,183,
Raw Materials,ITEM-1745,SAnd,190,kg,15,224,In Stock,346.73,65878.7,34,
Electronics,ITEM-1746,POwEr ADAPtEr,112,pcs,12,276,In Stock,3658.89,409795.68,164,
Raw Materials,ITEM-1747,SAND,35,kg,20,162,In Stock,6066.18,212316.3,127,
Electronics,ITEM-1748,MCB sWitCH,289,pcs,28,321,In Stock,3622.92,1047023.88,32,
Electronics,ITEM-1749,lED BuLB,206,pcs,50,283,In Stock,2396.14,493604.84,77,
Supplies,ITEM-1750,MarkEr peN,390,box,11,387,In Stock,6255.58,2439676.2,0,
Supplies,ITEM-1751,marKer PeN,3,box,15,272,Low Stock,2027.7,6083.1,269,
Safety Gear,ITEM-1752,safETy shoES,220,pair,12,109,In Stock,5261.28,1157481.6,0,
Electronics,ITEM-1753,CEiliNg fAn,51,pcs,40,295,In Stock,6499.64,331481.64,244,
Electronics,ITEM-1754,CEIliNG Fan,167,pcs,13,230,In Stock,6856.38,1145015.46,63,
Safety Gear,ITEM-1755,FaCe SHiElD,177,pcs,41,364,In Stock,7464.58,1321230.66,187,
Raw Materials,ITEM-1756,stEEL ROd,161,kg,30,274,In Stock,7601.8,1223889.8,113,
Safety Gear,ITEM-1757,FaCe Shield,354,pcs,38,258,In Stock,6134.66,2171669.64,0,
Safety Gear,ITEM-1758,FAcE shIEld,399,pcs,30,275,In Stock,6598.72,2632889.28,0,
Electronics,ITEM-1759,sWiTCH boArd,305,pcs,18,265,In Stock,3780.26,1152979.3,0,
Furniture,ITEM-1760,STeel ALMirAh,224,pcs,16,389,In Stock,5981.3,1339811.2,165,
Safety Gear,ITEM-1761,reFLECtivE jAcKEt,298,pcs,42,246,In Stock,2160.17,643730.66,0,
Tools,ITEM-1762,sCreWdRiVER SeT,378,set,28,105,In Stock,7578.35,2864616.3,0,
Supplies,ITEM-1763,INK CArTRIDge,359,pcs,30,300,In Stock,2795.26,1003498.34,0,
Safety Gear,ITEM-1764,ReFlectIVE JAckeT,136,pcs,24,215,In Stock,1428.08,194218.88,79,
Raw Materials,ITEM-1765,StEEl rOd,274,kg,31,203,In Stock,4912.14,1345926.36,0,
Tools,ITEM-1766,wRenCH,60,pcs,37,323,In Stock,4161.16,249669.6,263,
Raw Materials,ITEM-1767,CoPper WIre,345,kg,26,159,In Stock,6114.13,2109374.85,0,
Furniture,ITEM-1768,PlAsTIc stOol,123,pcs,25,448,In Stock,626.82,77098.86,325,
Supplies,ITEM-1769,MARkEr pEN,95,box,16,249,In Stock,6217.72,590683.4,154,
Electronics,ITEM-1770,CEilinG faN,382,pcs,11,206,In Stock,1605.32,613232.24,0,
Raw Materials,ITEM-1771,sTEEL rOD,52,kg,48,439,In Stock,4384.66,228002.32,387,
Safety Gear,ITEM-1772,FACe SHIEld,388,pcs,13,216,In Stock,4481.93,1738988.84,0,
Furniture,ITEM-1773,oFfIcE Chair,35,pcs,12,124,In Stock,6072.34,212531.9,89,
Safety Gear,ITEM-1774,sAFEtY shOEs,173,pair,35,182,In Stock,6746.5,1167144.5,9,
Tools,ITEM-1775,WreNcH,4,pcs,46,132,Low Stock,1874.46,7497.84,128,
Furniture,ITEM-1776,wOrkbENCH,336,pcs,48,215,In Stock,2572.83,864470.88,0,
Raw Materials,ITEM-1777,SAND,132,kg,39,244,In Stock,5671.31,748612.92,112,
Tools,ITEM-1778,measuRing TAPe,26,pcs,12,411,In Stock,2959.93,76958.18,385,
Supplies,ITEM-1779,PaCking tAPe,45,roll,10,188,In Stock,823.73,37067.85,143,
Electronics,ITEM-1780,SwitcH bOARD,264,pcs,48,339,In Stock,6333.5,1672044,75,
Safety Gear,ITEM-1781,RefLecTIve JaCKet,206,pcs,13,439,In Stock,3910.91,805647.46,233,
Furniture,ITEM-1782,WOOdEn TabLE,34,pcs,21,294,In Stock,2626.31,89294.54,260,
Supplies,ITEM-1783,prINTEr PAPEr,316,ream,49,161,In Stock,71.35,22546.6,0,
Raw Materials,ITEM-1784,CEMeNT baG,134,bag,37,270,In Stock,2388.98,320123.32,136,
Electronics,ITEM-1785,POWEr aDApTer,23,pcs,15,296,In Stock,415.9,9565.7,273,
Raw Materials,ITEM-1786,pvC GRANulEs,228,kg,38,232,In Stock,1094.36,249514.08,4,
Electronics,ITEM-1787,POwer ADApter,260,pcs,45,488,In Stock,2413.54,627520.4,228,
Electronics,ITEM-1788,exTEnsioN CorD,117,pcs,44,335,In Stock,6021.18,704478.06,218,
Furniture,ITEM-1789,woRkbeNCH,308,pcs,33,408,In Stock,407.03,125365.24,100,
Tools,ITEM-1790,HammER,169,pcs,41,359,In Stock,3777.56,638407.64,190,
Safety Gear,ITEM-1791,SAfETY HElMET,261,pcs,39,410,In Stock,6306.34,1645954.74,149,
Tools,ITEM-1792,HAMMeR,348,pcs,26,487,In Stock,3289.69,1144812.12,139,
Supplies,ITEM-1793,markER pEN,25,box,38,117,Low Stock,232,5800,92,
Safety Gear,ITEM-1794,sAFeTy HeLmeT,338,pcs,11,236,In Stock,957.27,323557.26,0,
Electronics,ITEM-1795,PoWEr adaPTer,115,pcs,50,395,In Stock,534.11,61422.65,280,
Supplies,ITEM-1796,INk cARtrIdGe,315,pcs,31,143,In Stock,5987.48,1886056.2,0,
Electronics,ITEM-1797,CEIlinG faN,208,pcs,12,175,In Stock,4320.09,898578.72,0,
Raw Materials,ITEM-1798,COPPeR WIre,351,kg,42,257,In Stock,4899.43,1719699.93,0,
Furniture,ITEM-1799,sTeel AlmiraH,320,pcs,29,303,In Stock,2614.15,836528,0,
